{
    "Budembeshe, Moses Kasuni": {
        "Karanu, Neema Muthoni": 50.0
    },
    "Kiarie, Samuel Ndungu": {
        "Arunga, Kyla Neema": 57.14285714285714,
        "Karanu, Neema Muthoni": 52.38095238095239,
        "Waweru, Monika Ng'endo": 50.0
    },
    "Kinyua, Victor Mfana": {
        "Karanu, Neema Muthoni": 52.38095238095239,
        "Muli, Grace Kanini": 50.0,
        "Wachira, Joy Muthoni": 60.0
    },
    "Kirema, Ian Muteithia": {
        "Karanu, Neema Muthoni": 61.904761904761905
    },
    "Kithae, Eric Muriithi": {
        "Karanu, Neema Muthoni": 52.38095238095239
    },
    "Korir, Kevin Kimutai": {
        "Karanu, Neema Muthoni": 57.14285714285714
    },
    "Maritim, Kelvin Kipngeno": {
        "Karanu, Neema Muthoni": 50.0
    },
    "Morekwa, David Nyamongo": {
        "Ndambiri, Yvonne Nyambura": 52.0,
        "Waweru, Monika Ng'endo": 60.86956521739131
    },
    "Mugambi, Kelvin Karani": {
        "Arunga, Kyla Neema": 50.0,
        "Karanu, Neema Muthoni": 50.0,
        "Muli, Grace Kanini": 50.0
    },
    "Muhia, Victor Mwaura": {
        "Wachira, Joy Muthoni": 55.00000000000001
    },
    "Muroki, Mark Gichuhi": {
        "Wachira, Joy Muthoni": 50.0
    },
    "Mutunga, Eric Kiamba": {
        "Kamau, Ann Mumbi": 50.0,
        "Karanu, Neema Muthoni": 52.38095238095239,
        "Muli, Grace Kanini": 50.0,
        "Nyambura, Erica": 50.0,
        "Wachira, Joy Muthoni": 50.0
    },
    "Mwanda, George Josiah": {
        "Orony, Charis Ng'wono": 52.38095238095239,
        "Waweru, Monika Ng'endo": 54.54545454545454
    },
    "Ngeno, Alvin Kipkurui": {
        "Arunga, Kyla Neema": 52.38095238095239,
        "Waweru, Monika Ng'endo": 50.0
    },
    "Nugi, Andrew Kiarie": {
        "Arunga, Kyla Neema": 57.89473684210527,
        "Waweru, Monika Ng'endo": 54.54545454545454
    },
    "Tonui, Martin": {
        "Wachira, Joy Muthoni": 50.0
    },
    "Waweru, Trevor Kariuki": {
        "Waweru, Monika Ng'endo": 50.0
    }
}