Student Name,Email
"Abwoga, Adrian Jared Paul",aabwogaadrianjaredpaul@gmail.com
"Arunga, Kyla Neema",aarungakylaneema@gmail.com
"Atenya, Anthony Magunga Ikobwa",aatenyaanthonymagungaikobwa@gmail.com
"Budembeshe, Moses Kasuni",bbudembeshemoseskasuni@gmail.com
"Dessalegn, Kalid Geleta",ddessalegnkalidgeleta@gmail.com
"Epetet, Keith Lokwei",eepetetkeithlokwei@gmail.com
"Ger, David Otieno",ggerdavidotieno@gmail.com
"Githinji, Don Moses Thigiti",ggithinjidonmosesthigiti@gmail.com
"Haji, Ashir Ali",hhajiashirali@gmail.com
"Hassan, Fardowsa Abduhakim",hhassanfardowsaabduhakim@gmail.com
"Ismail, Ruweida Ali",iismailruweidaali@gmail.com
"Johnson, Myles Adebayo",jjohnsonmylesadebayo@gmail.com
"Kamau, Ann Mumbi",kkamauannmumbi@gmail.com
"Kangethe, Sharon Wanjiru",kkangethesharonwanjiru@gmail.com
"Karanu, Neema Muthoni",kkaranuneemamuthoni@gmail.com
"Kiarie, Samuel Ndungu",kkiariesamuelndungu@gmail.com
"Kihara, Shannon Kendi",kkiharashannonkendi@gmail.com
"Kimutai, Peter Kibet",kkimutaipeterkibet@gmail.com
"Kinyua, Victor Mfana",kkinyuavictormfana@gmail.com
"Kirema, Ian Muteithia",kkiremaianmuteithia@gmail.com
"Kithae, Eric Muriithi",kkithaeericmuriithi@gmail.com
"Korir, Kevin Kimutai",kkorirkevinkimutai@gmail.com
"Kwoba, Alex Wafula",kkwobaalexwafula@gmail.com
"Maritim, Kelvin Kipngeno",mmaritimkelvinkipngeno@gmail.com
"Masaka, Zivai Takadiwa David",mmasakazivaitakadiwadavid@gmail.com
"Mohamed, Ally Mahamud",mmohamedallymahamud@gmail.com
"Morekwa, David Nyamongo",mmorekwadavidnyamongo@gmail.com
"Mugambi, Kelvin Karani",mmugambikelvinkarani@gmail.com
"Muhia, Victor Mwaura",mmuhiavictormwaura@gmail.com
"Muiyuro, Natasha Waithira",mmuiyuronatashawaithira@gmail.com
"Muli, Grace Kanini",mmuligracekanini@gmail.com
"Muroki, Mark Gichuhi",mmurokimarkgichuhi@gmail.com
"Mutaki, Ruby Mbete",mmutakirubymbete@gmail.com
"Mutua, Franklin Karanja",mmutuafranklinkaranja@gmail.com
"Mutunga, Eric Kiamba",mmutungaerickiamba@gmail.com
"Mutunga, Patience Kamanthe",mmutungapatiencekamanthe@gmail.com
"Mwanda, George Josiah",mmwandageorgejosiah@gmail.com
"Nabaala, Andrew Kasaine",nnabaalaandrewkasaine@gmail.com
"Naibei, Monicah",nnaibeimonicah@gmail.com
"Ndambiri, Yvonne Nyambura",nndambiriyvonnenyambura@gmail.com
"Ndungu, Sarah Laura Wangari",nndungusarahlaurawangari@gmail.com
"Ngeno, Alvin Kipkurui",nngenoalvinkipkurui@gmail.com
"Ngigi, Michael Macharia",nngigimichaelmacharia@gmail.com
"Njuguna, Elizabeth Njoki",nnjugunaelizabethnjoki@gmail.com
"Nugi, Andrew Kiarie",nnugiandrewkiarie@gmail.com
"Nyambura, Erica",nnyamburaerica@gmail.com
"Nzioki, Maureen Mutete",nnziokimaureenmutete@gmail.com
"Ochanda, Steven Joel Jona",oochandastevenjoeljona@gmail.com
"Ogutu, Brenda Mary Anyango",oogutubrendamaryanyango@gmail.com
"Ombeni, Mwenzangu Faraja",oombenimwenzangufaraja@gmail.com
"Ombongi, Caleb Magare",oombongicalebmagare@gmail.com
"Owens, Nicole Owens",oowensnicoleowens@gmail.com
"Patel, Jay Hirji",ppateljayhirji@gmail.com
"Tonui, Martin",ttonuimartin@gmail.com
"Tum, Bramwel Kipchirchir",ttumbramwelkipchirchir@gmail.com
"Wachira, Joy Muthoni",wwachirajoymuthoni@gmail.com
"Wakaba, Rosemary Njeri",wwakabarosemarynjeri@gmail.com
"Wanjao, Louis Mbugua",wwanjaolouismbugua@gmail.com
"Waweru, Trevor Kariuki",wwawerutrevorkariuki@gmail.com
